date,steps,distance_mi,active_kcal,basal_kcal,total_kcal,data_source,notes
2026-08-31,9200,4.20,420,1700,2120,mock,MOCK. Sample daily activity.
2026-09-01,9200,4.20,420,1700,2120,mock,MOCK. Sample daily activity.
2026-09-02,9200,4.20,420,1700,2120,mock,MOCK. Sample daily activity.
2026-09-03,9200,4.20,420,1700,2120,mock,MOCK. Sample daily activity.
2026-09-04,9200,4.20,420,1700,2120,mock,MOCK. Sample daily activity.
2026-09-05,9200,4.20,420,1700,2120,mock,MOCK. Sample daily activity.
2026-09-06,9200,4.20,420,1700,2120,mock,MOCK. Sample daily activity.
2026-09-07,9200,4.20,420,1700,2120,mock,MOCK. Sample daily activity.
2026-09-08,9200,4.20,420,1700,2120,mock,MOCK. Sample daily activity.
2026-09-09,9200,4.20,420,1700,2120,mock,MOCK. Sample daily activity.
2026-09-10,9200,4.20,420,1700,2120,mock,MOCK. Sample daily activity.
2026-09-11,9200,4.20,420,1700,2120,mock,MOCK. Sample daily activity.
2026-09-12,9200,4.20,420,1700,2120,mock,MOCK. Sample daily activity.
2026-09-13,9200,4.20,420,1700,2120,mock,MOCK. Sample daily activity.
2026-09-14,9200,4.20,420,1700,2120,mock,MOCK. Sample daily activity.
2026-09-15,9200,4.20,420,1700,2120,mock,MOCK. Sample daily activity.
2026-09-16,9200,4.20,420,1700,2120,mock,MOCK. Sample daily activity.
2026-09-17,9200,4.20,420,1700,2120,mock,MOCK. Sample daily activity.
2026-09-18,9200,4.20,420,1700,2120,mock,MOCK. Sample daily activity.
2026-09-19,9200,4.20,420,1700,2120,mock,MOCK. Sample daily activity.
2026-09-20,9200,4.20,420,1700,2120,mock,MOCK. Sample daily activity.
2026-09-21,9200,4.20,420,1700,2120,mock,MOCK. Sample daily activity.
2026-09-22,9200,4.20,420,1700,2120,mock,MOCK. Sample daily activity.
2026-09-23,9200,4.20,420,1700,2120,mock,MOCK. Sample daily activity.
2026-09-24,9200,4.20,420,1700,2120,mock,MOCK. Sample daily activity.
2026-09-25,9200,4.20,420,1700,2120,mock,MOCK. Sample daily activity.
2026-09-26,9200,4.20,420,1700,2120,mock,MOCK. Sample daily activity.
2026-09-27,9200,4.20,420,1700,2120,mock,MOCK. Sample daily activity.
2026-09-28,9200,4.20,420,1700,2120,mock,MOCK. Sample daily activity.
2026-09-29,9200,4.20,420,1700,2120,mock,MOCK. Sample daily activity.
2026-09-30,9200,4.20,420,1700,2120,mock,MOCK. Sample daily activity.
2026-10-01,6400,2.80,420,1700,2120,mock,MOCK. Sample daily activity.
2026-10-02,7000,3.10,420,1700,2120,mock,MOCK. Sample daily activity.
2026-10-03,6400,2.80,420,1700,2120,mock,MOCK. Sample daily activity.
