date,height_cm,weight_kg,bmi,body_fat_pct,waist_cm,chest_cm,hips_cm,data_source,notes
2026-08-31,178,78.8,24.9,,,,,mock,MOCK. Sample body row.
2026-09-01,178,78.8,24.9,18.4,84,98,96,mock,MOCK. Sample body row.
2026-09-02,178,78.8,24.9,,,,,mock,MOCK. Sample body row.
2026-09-03,178,78.7,24.8,,,,,mock,MOCK. Sample body row.
2026-09-04,178,78.7,24.8,,,,,mock,MOCK. Sample body row.
2026-09-05,178,78.7,24.8,,,,,mock,MOCK. Sample body row.
2026-09-06,178,78.7,24.8,,,,,mock,MOCK. Sample body row.
2026-09-07,178,78.7,24.8,,,,,mock,MOCK. Sample body row.
2026-09-08,178,78.6,24.8,,,,,mock,MOCK. Sample body row.
2026-09-09,178,78.6,24.8,,,,,mock,MOCK. Sample body row.
2026-09-10,178,78.6,24.8,,,,,mock,MOCK. Sample body row.
2026-09-11,178,78.6,24.8,,,,,mock,MOCK. Sample body row.
2026-09-12,178,78.5,24.8,,,,,mock,MOCK. Sample body row.
2026-09-13,178,78.5,24.8,,,,,mock,MOCK. Sample body row.
2026-09-14,178,78.5,24.8,,,,,mock,MOCK. Sample body row.
2026-09-15,178,78.5,24.8,,,,,mock,MOCK. Sample body row.
2026-09-16,178,78.5,24.8,,,,,mock,MOCK. Sample body row.
2026-09-17,178,78.4,24.7,,,,,mock,MOCK. Sample body row.
2026-09-18,178,78.4,24.7,,,,,mock,MOCK. Sample body row.
2026-09-19,178,78.4,24.7,,,,,mock,MOCK. Sample body row.
2026-09-20,178,78.4,24.7,,,,,mock,MOCK. Sample body row.
2026-09-21,178,78.4,24.7,,,,,mock,MOCK. Sample body row.
2026-09-22,178,78.3,24.7,,,,,mock,MOCK. Sample body row.
2026-09-23,178,78.3,24.7,,,,,mock,MOCK. Sample body row.
2026-09-24,178,78.3,24.7,,,,,mock,MOCK. Sample body row.
2026-09-25,178,78.3,24.7,,,,,mock,MOCK. Sample body row.
2026-09-26,178,78.2,24.7,,,,,mock,MOCK. Sample body row.
2026-09-27,178,78.2,24.7,,,,,mock,MOCK. Sample body row.
2026-09-28,178,78.2,24.7,,,,,mock,MOCK. Sample body row.
2026-09-29,178,78.2,24.7,18.2,83,97,95,mock,MOCK. Sample body row.
2026-09-30,178,78.2,24.7,,,,,mock,MOCK. Sample body row.
2026-10-01,178,78.1,24.7,,,,,mock,MOCK. Sample body row.
2026-10-02,178,78.1,24.7,,,,,mock,MOCK. Sample body row.
2026-10-03,178,78.1,24.7,,,,,mock,MOCK. Sample body row.
