date,hrv_ms,resting_hr,soreness,fatigue,readiness,data_source,notes
2026-08-31,66,53,3,3,76,mock,MOCK. Sample recovery row.
2026-09-01,66,53,3,3,76,mock,MOCK. Sample recovery row.
2026-09-02,66,53,3,3,76,mock,MOCK. Sample recovery row.
2026-09-03,66,53,3,3,76,mock,MOCK. Sample recovery row.
2026-09-04,66,53,3,3,76,mock,MOCK. Sample recovery row.
2026-09-05,66,53,3,3,76,mock,MOCK. Sample recovery row.
2026-09-06,66,53,3,3,76,mock,MOCK. Sample recovery row.
2026-09-07,66,53,3,3,76,mock,MOCK. Sample recovery row.
2026-09-08,66,53,3,3,76,mock,MOCK. Sample recovery row.
2026-09-09,66,53,3,3,76,mock,MOCK. Sample recovery row.
2026-09-10,66,53,3,3,76,mock,MOCK. Sample recovery row.
2026-09-11,66,53,3,3,76,mock,MOCK. Sample recovery row.
2026-09-12,66,53,3,3,76,mock,MOCK. Sample recovery row.
2026-09-13,66,53,3,3,76,mock,MOCK. Sample recovery row.
2026-09-14,66,53,3,3,76,mock,MOCK. Sample recovery row.
2026-09-15,66,53,3,3,76,mock,MOCK. Sample recovery row.
2026-09-16,66,53,3,3,76,mock,MOCK. Sample recovery row.
2026-09-17,66,53,3,3,76,mock,MOCK. Sample recovery row.
2026-09-18,66,53,3,3,76,mock,MOCK. Sample recovery row.
2026-09-19,66,53,3,3,76,mock,MOCK. Sample recovery row.
2026-09-20,66,53,3,3,76,mock,MOCK. Sample recovery row.
2026-09-21,66,53,3,3,76,mock,MOCK. Sample recovery row.
2026-09-22,66,53,3,3,76,mock,MOCK. Sample recovery row.
2026-09-23,66,53,3,3,76,mock,MOCK. Sample recovery row.
2026-09-24,66,53,3,3,76,mock,MOCK. Sample recovery row.
2026-09-25,66,53,3,3,76,mock,MOCK. Sample recovery row.
2026-09-26,66,53,3,3,76,mock,MOCK. Sample recovery row.
2026-09-27,66,53,3,3,76,mock,MOCK. Sample recovery row.
2026-09-28,66,53,3,3,76,mock,MOCK. Sample recovery row.
2026-09-29,66,53,3,3,76,mock,MOCK. Sample recovery row.
2026-09-30,66,53,3,3,76,mock,MOCK. Sample recovery row.
2026-10-01,50,58,5,5,60,mock,MOCK. Sample recovery row.
2026-10-02,48,59,5,5,58,mock,MOCK. Sample recovery row.
2026-10-03,47,60,5,6,58,mock,MOCK. Sample recovery row.
