date,duration,bedtime,wake,rem,deep,core,awake,in_bed,data_source,notes
2026-08-30,7:50:00,22:40,06:30,1:47:43,1:28:08,4:34:09,0:20:00,8:10:00,mock,MOCK. Sample sleep row.
2026-08-31,6:20:00,00:10,06:30,1:27:05,1:11:15,3:41:40,0:20:00,6:40:00,mock,MOCK. Sample sleep row.
2026-09-01,7:50:00,22:40,06:30,1:47:43,1:28:08,4:34:09,0:20:00,8:10:00,mock,MOCK. Sample sleep row.
2026-09-02,6:30:00,00:00,06:30,1:29:23,1:13:08,3:47:29,0:20:00,6:50:00,mock,MOCK. Sample sleep row.
2026-09-03,7:50:00,22:40,06:30,1:47:43,1:28:08,4:34:09,0:20:00,8:10:00,mock,MOCK. Sample sleep row.
2026-09-04,7:50:00,22:40,06:30,1:47:43,1:28:08,4:34:09,0:20:00,8:10:00,mock,MOCK. Sample sleep row.
2026-09-05,8:00:00,22:30,06:30,1:50:00,1:30:00,4:40:00,0:20:00,8:20:00,mock,MOCK. Sample sleep row.
2026-09-06,7:50:00,22:40,06:30,1:47:43,1:28:08,4:34:09,0:20:00,8:10:00,mock,MOCK. Sample sleep row.
2026-09-07,6:25:00,00:05,06:30,1:28:14,1:12:11,3:44:35,0:20:00,6:45:00,mock,MOCK. Sample sleep row.
2026-09-08,7:50:00,22:40,06:30,1:47:43,1:28:08,4:34:09,0:20:00,8:10:00,mock,MOCK. Sample sleep row.
2026-09-09,6:40:00,23:50,06:30,1:31:40,1:15:00,3:53:20,0:20:00,7:00:00,mock,MOCK. Sample sleep row.
2026-09-10,7:50:00,22:40,06:30,1:47:43,1:28:08,4:34:09,0:20:00,8:10:00,mock,MOCK. Sample sleep row.
2026-09-11,7:50:00,22:40,06:30,1:47:43,1:28:08,4:34:09,0:20:00,8:10:00,mock,MOCK. Sample sleep row.
2026-09-12,8:05:00,22:25,06:30,1:51:09,1:30:56,4:42:55,0:20:00,8:25:00,mock,MOCK. Sample sleep row.
2026-09-13,7:50:00,22:40,06:30,1:47:43,1:28:08,4:34:09,0:20:00,8:10:00,mock,MOCK. Sample sleep row.
2026-09-14,6:15:00,00:15,06:30,1:25:56,1:10:19,3:38:45,0:20:00,6:35:00,mock,MOCK. Sample sleep row.
2026-09-15,7:50:00,22:40,06:30,1:47:43,1:28:08,4:34:09,0:20:00,8:10:00,mock,MOCK. Sample sleep row.
2026-09-16,6:35:00,23:55,06:30,1:30:31,1:14:04,3:50:25,0:20:00,6:55:00,mock,MOCK. Sample sleep row.
2026-09-17,7:50:00,22:40,06:30,1:47:43,1:28:08,4:34:09,0:20:00,8:10:00,mock,MOCK. Sample sleep row.
2026-09-18,7:50:00,22:40,06:30,1:47:43,1:28:08,4:34:09,0:20:00,8:10:00,mock,MOCK. Sample sleep row.
2026-09-19,7:50:00,22:40,06:30,1:47:43,1:28:08,4:34:09,0:20:00,8:10:00,mock,MOCK. Sample sleep row.
2026-09-20,7:50:00,22:40,06:30,1:47:43,1:28:08,4:34:09,0:20:00,8:10:00,mock,MOCK. Sample sleep row.
2026-09-21,7:50:00,22:40,06:30,1:47:43,1:28:08,4:34:09,0:20:00,8:10:00,mock,MOCK. Sample sleep row.
2026-09-22,7:50:00,22:40,06:30,1:47:43,1:28:08,4:34:09,0:20:00,8:10:00,mock,MOCK. Sample sleep row.
2026-09-23,8:10:00,22:20,06:30,1:52:18,1:31:53,4:45:49,0:20:00,8:30:00,mock,MOCK. Sample sleep row.
2026-09-24,7:50:00,22:40,06:30,1:47:43,1:28:08,4:34:09,0:20:00,8:10:00,mock,MOCK. Sample sleep row.
2026-09-25,7:40:00,22:50,06:30,1:45:25,1:26:15,4:28:20,0:20:00,8:00:00,mock,MOCK. Sample sleep row.
2026-09-26,8:00:00,22:30,06:30,1:50:00,1:30:00,4:40:00,0:20:00,8:20:00,mock,MOCK. Sample sleep row.
2026-09-27,7:45:00,22:45,06:30,1:46:34,1:27:11,4:31:15,0:20:00,8:05:00,mock,MOCK. Sample sleep row.
2026-09-28,6:30:00,00:00,06:30,1:29:23,1:13:08,3:47:29,0:20:00,6:50:00,mock,MOCK. Sample sleep row.
2026-09-29,7:45:00,22:45,06:30,1:46:34,1:27:11,4:31:15,0:20:00,8:05:00,mock,MOCK. Sample sleep row.
2026-09-30,6:20:00,00:10,06:30,1:27:05,1:11:15,3:41:40,0:20:00,6:40:00,mock,MOCK. Sample sleep row.
2026-10-01,6:10:00,00:20,06:30,1:24:48,1:09:23,3:35:49,0:20:00,6:30:00,mock,MOCK. Sample sleep row.
2026-10-02,6:20:00,00:10,06:30,1:27:05,1:11:15,3:41:40,0:20:00,6:40:00,mock,MOCK. Sample sleep row.
2026-10-03,6:05:00,00:25,06:30,1:23:39,1:08:26,3:32:55,0:20:00,6:25:00,mock,MOCK. Sample sleep row.
