date,session,goal,notes,data_source
2026-09-21,Easy aerobic run,2 mi < 15:00,MOCK. Planned easy run.,mock
2026-09-22,Rest,2 mi < 15:00,MOCK. Rest day.,mock
2026-09-23,Steady run,2 mi < 15:00,MOCK. Planned steady run.,mock
2026-09-24,Rest,2 mi < 15:00,MOCK. Rest day.,mock
2026-09-25,Long easy run,2 mi < 15:00,MOCK. Planned long run.,mock
2026-09-26,Track 2-mile benchmark,2 mi < 15:00,MOCK. Planned benchmark.,mock
2026-09-27,Recovery walk,2 mi < 15:00,MOCK. Planned recovery walk.,mock
2026-09-29,Rest,2 mi < 15:00,MOCK. Rest day.,mock
2026-10-01,Rest,2 mi < 15:00,MOCK. Rest day.,mock
2026-10-02,Easy aerobic,2 mi < 15:00,MOCK. Planned easy run.,mock
2026-10-03,Easy control at La Pista. Not a 2-mile test.,2 mi < 15:00,MOCK. Today's session. Not a benchmark.,mock
